类别,用户数,recency 均值,frequency 均值,monetary 均值
0,44738,202.232665742769,37.852630873083285,80005.65368366937
1,33657,172.32917372314824,72.0352675520694,160727.15652613126
2,17752,843.3130914826498,31.780024785939613,68632.36307176657
